0,1,2,3,4,5,6,7,8
0.4871419801762007,0.07253677726320057,0.19874424510573585,0.0,0.47959058129037496,0.3946867340664125,0.0,0.0,0.0
0.3361485072660948,0.057134370551614605,0.1568822425933778,0.0,0.5752018985120694,0.2788562535411739,0.0,0.0,0.0
0.009916143998493054,0.02029502284903468,0.057056412437116774,0.0,0.8084144320806599,0.09749863130367166,0.0,0.0,0.0
0.0,0.0,0.0,0.0,0.852166929407326,0.0,0.0,0.0,0.0
0.0,0.0,0.0,0.0,0.1750233479008637,0.0,0.0,0.0,0.017213635018946214
0.0,0.0,0.0,0.0,0.3608201459632703,0.0,0.0,0.0,0.0
0.0,0.0,0.0,0.0,1.3168897077299642,0.0,0.0,0.0,0.0
0.0,0.0,0.0,0.0,0.8395926403266898,0.0,0.0,0.0,0.0
0.0,0.0,0.0,0.0,0.4574242878830114,0.019291149278210795,0.0,0.0,0.0
0.014286392457652144,0.012076688613038443,0.03992082783484439,0.0,0.7461844447653937,0.09908562157082469,0.0,0.0,0.0
0.0,0.0,0.009279348879809636,0.0,0.4829770439571234,0.044259869179196,0.0,0.0,0.0
0.0699324304301422,0.020336063065585514,0.05631757620468606,0.0,0.6236939673344587,0.13067064962411204,0.0,0.0,0.0
0.09853830499692702,0.020256089508277304,0.05679316937892998,0.0,0.36763175069246473,0.11510615947823793,0.0,0.0,0.0
0.06446794532433163,0.022068730684600964,0.06344807554186574,0.0,0.7903780649015685,0.13537202697202222,0.0,0.0,0.0
0.0,0.0,0.0,0.0,0.5371376830861587,0.021769012513684304,0.0,0.0,0.0
0.0,0.0,0.0201494363980807,0.0,0.36021932668586065,0.0782571014641576,0.0,0.0,0.0
0.04955908514466536,0.011078273214193435,0.04645438229191577,0.0,0.5729690715515531,0.11479466398759511,0.0,0.0,0.0
0.15155926726521993,0.03003923510878774,0.0837872081145856,0.0,0.4148486484957524,0.16811723326946337,0.0,0.0,0.0
0.33837224651755116,0.09900119601257967,0.20609387144434133,0.0,1.00331628825261,0.37336132921847937,0.0,0.0,0.0
0.0,0.0,0.0,0.0,0.0,0.0,0.0,2.0372000106768917,0.0
0.0,0.0,0.0,0.0,0.14111626030965996,0.0,0.0,0.0,0.14943606285875374
0.0,0.0,0.0,0.0,0.0,0.0,0.0,0.0,0.13766010948430277
0.3670712699939978,0.0,0.14629464781184898,0.0,0.13355917707808762,0.0,0.0,0.0,0.0
0.0,0.0,0.0,0.9166042259759504,0.0,0.0,0.8107671201983379,0.0,0.05758469310671767
0.0,0.10119205597024072,0.0,1.4403896041321789,0.0,0.0,0.6889578161678094,1.0370468995298805,0.47339245777623296
0.5571966801405448,0.34551179170268137,0.27195235798154227,0.03057323876384308,1.2622423519768682,0.0,0.0,0.0,0.24392183502764123
0.0,0.0,0.0,0.0,0.0,0.0,0.0,0.0,0.13433939917101015
0.0,0.0,0.0,0.0,0.0,0.0,0.0,0.0,0.06579196181922645
0.32393512679793063,0.0,0.046114388010115574,0.0,0.0,0.0,0.0,0.0,0.0
0.5011321585742873,0.09509695642385396,0.30288391983697893,0.0,0.10393455723157324,0.595206430187647,0.1941645353502457,0.4489722739672045,0.0
0.591739377435407,0.10034479677018043,0.23705983252994584,0.0,0.3699626304384539,0.4437821042495208,0.0,0.07627368026200598,0.0
1.5122411582165987,0.1727079352694966,0.4650453216799446,0.30645462999293477,2.228896444051743,0.9252551900796211,0.0,0.0,0.0
1.2257769935378706,0.05701503535866706,0.3575271380049048,0.0,1.927480683528171,0.6758799939655031,0.0,0.0,0.0
0.0,0.0,0.0,0.4244720351182817,0.0,0.0,0.08394988323648536,0.0,0.0
0.0,0.0,0.0,0.0,1.221951379856714,0.6121678227915496,0.0,0.0,0.07712592164427017
0.09799924126652024,0.0,0.05368851975541654,0.0,0.0,0.0,0.0,0.0,0.014963640729732476
0.0,0.0,0.0,0.0,0.056235724564825326,0.0,0.0,0.0,0.023730580320568517
0.0,0.0,0.0,0.0,0.0,0.0,0.0,0.0,0.03948472687355416
0.0,0.0,0.00886240129188006,0.0,0.0,0.0,0.0,0.0,0.030228786555929924
0.0,0.0,0.0,0.0,0.0,0.0,0.0,0.0,0.0636972175486522
0.4219013197651945,0.0,0.18136923491928392,0.0,0.0,0.0,0.0,0.0,0.019050096653484
0.21616894571746037,0.0,0.0,0.0,0.5728257024866189,0.0,0.0,0.0,0.0
0.16260104834236208,0.013287873213917743,0.0,0.0,0.09370146222189008,0.0,0.09809444773669601,0.0,0.07274594373982776
0.0,0.08112228765569465,0.14056541623454002,0.7462121841067019,0.0,0.0,0.06873159361846089,0.013575591061258047,0.0
0.0,0.0,0.0,0.0,0.3804209637692125,0.0,0.0,0.0,0.0871584243471645
0.0,0.0,0.0,0.0,0.4024479399090929,0.11575054440191494,0.0,0.0,0.07802429996362986
0.5019353659819049,0.0,0.07925347328649619,0.0,1.002937149267352,0.21087621593134848,0.0,0.0,0.0
0.4603828611707528,0.0,0.06309362229170087,0.0,0.621503176391215,0.0,0.0,0.0,0.0
0.3357710703133216,0.0,0.0228755296262708,0.0,0.7751496898832174,0.04589942118871215,0.0,0.0,0.0
0.32687658044797874,0.0,0.029661686223684366,0.0,0.47465728629779275,0.0,0.0,0.0,0.0
0.42213430756445613,0.0,0.06079394557623649,0.0,0.6156320190469547,0.07043571293911996,0.0,0.0,0.0
0.0,0.0,0.0,0.47592252299973953,0.0,0.0,0.31328238765015026,0.0,0.0
0.0,0.0,0.0,0.7199407732080824,0.0,0.0,0.5251708907525565,0.0,0.0
0.0,0.0,0.0,0.7617401868682173,0.0,0.0,0.4933343851879276,0.0,0.0
0.0,0.0,0.0,1.1069775589365844,0.0,0.0,0.9412431190689894,0.0,0.0
0.028367509142517504,0.0,0.021395780600466305,0.0,0.0,0.0,0.0,0.0,0.043212801825317164
0.0,0.0,0.0,0.0,0.0,0.0,0.0,0.0,0.1342832843126796
0.0,0.0,0.0,0.0,0.0,0.36750551230405304,0.3857580043611568,0.03123618696223361,0.04709334227011064
0.0,0.0,0.0,0.28913730160746276,0.0,0.2330725448968247,0.0,0.0,0.14812507851922996
0.0,0.0,0.0,0.0,0.0,0.36390650480381787,0.3695660007129481,0.0,0.11408158086297501
0.3524801145270296,0.3252648687675168,0.20183636761705218,0.6172628252868654,0.31302857757062136,0.7086684202417679,0.09588073843992585,0.6886074465552641,0.10064418786910351
0.0,0.04808405852815739,0.0,0.17046782814011363,0.0,0.3643668203894706,0.19701548560923832,0.2067735772305929,0.0
0.5768228470463156,0.0502624559606994,0.10694195112168131,0.07577938417269003,0.0,0.0,0.12768235900725555,0.183630209818624,0.14997931101934195
0.0,0.0,0.0,0.0,0.0,0.0,0.0,0.0,0.01653156427233636
0.0,0.0,0.0,0.0,0.0,0.0,0.0,0.0,0.06170361100248151
0.0,0.0,0.0,0.16993484402711873,0.0,0.0,0.36613988256408453,0.2142770118647895,0.1593279097055132
0.0,0.0,0.0,0.7107996701111471,0.0,0.0,0.5996256124068656,0.45734733606621725,0.3300886588882081
0.0,0.0,0.0,0.19760067892133987,0.0,0.0,0.3398623964632862,0.1920173154668017,0.13057478432515096
0.0,0.0,0.0,0.08734594250724548,0.0,0.0,0.21569348754304213,0.11959419600282244,0.11310763571273981
0.0,0.0,0.0,0.13791421678603638,0.0,0.0,0.26813003576613387,0.15868666294252184,0.15687337974564522
0.0,0.0,0.0,0.0,0.0,0.058922288098352114,0.5729662084988101,0.12772643439108106,0.08868731834436476
0.0,0.0,0.0,0.0,0.0,0.144390928388185,0.26608573470719404,0.0,0.13960476288803964
0.0,0.0,0.0,0.0,0.0,0.24853133476177156,0.6301841406615715,0.0,0.14087137234041297
0.0,0.0,0.0,0.0,0.0,0.14651160595963186,0.27458632624755225,0.0,0.12600922807761689
0.0,0.0,0.0,0.0,0.0,0.04645038276862549,0.26678292672205595,0.00765092641820931,0.10917178462061611
0.0,0.0,0.0,0.6637785692885237,0.0,0.0,0.4914894506935289,0.36858474455471696,0.30130733649899794
0.0,0.0,0.0,0.4611880483358867,0.0,0.0,0.22866428051533227,0.03221978597304548,0.1038970940650325
0.0,0.0,0.0,0.4639799596119123,0.0,0.0,0.05642571919140496,0.0,0.06699710078370359
0.0,0.0,0.0,0.0,0.0,0.0,0.0,0.0,0.0
0.0,0.0,0.0,0.0,0.0,0.0,0.0,0.0,0.003844518677565973
0.0,0.0879409449656731,0.01966292722946624,0.8187222205097135,0.2081972816491095,0.007056201352810064,0.04822697633563284,0.07848769018100922,0.0
0.03127043121700185,0.04828222809296411,0.24984693404152208,0.0,0.0,0.2986294094875954,0.4915624051793088,0.6888517329452188,0.0
0.5362655404122526,0.13125441450234154,0.21726208935584312,0.0,0.33050457575389003,0.43644626479901666,0.06538836726537031,0.17023144408151658,0.0
0.4312579322356578,0.13999384746333854,0.18723692838521674,0.3850935321065195,0.44767802363719467,0.22209764085159017,0.0,1.1186758811011743,0.11239731583478932
0.21398227091571304,0.08355440339946388,0.11370515899730241,0.1601333633801183,0.20030517631374828,0.1694562369565884,0.0,0.8037570623761419,0.05656681969606285
1.4132597673265574,0.0,0.21949481107314806,0.044940229936988235,2.156458239965146,0.4638688489581586,0.0,0.0,0.0
0.0,0.0,2.6017340276238907,0.0,1.002196255986764,0.3700209740022127,1.6745804156548383,0.0,0.0
0.0,0.0,0.0,0.8602976257462669,0.0,0.0,0.4718220061168826,0.0,0.0
0.0,0.0,0.0,0.6348106911659881,0.0,0.0,0.0,0.0,0.0
0.0,0.04656844535717002,0.0,1.8295215314857285,1.1397506553437668,0.0,0.0,0.0,0.35021751824937863
0.9598531474186522,0.4545800198089499,0.3997786428049265,2.5879682432559417,1.9608942412087353,1.471304466622299,0.0,1.6346021633030412,0.2082999855121393
0.40164170285853756,0.04143853939731995,0.09977558732563462,0.0,0.6391136448206364,0.0,0.0,0.0,0.16694949401069858
0.0,0.0,0.0,0.0,0.0,0.10966196585523681,0.7433742330130712,0.0,0.0
0.0,0.0,0.0,0.0,0.0,0.0,0.19947450776021625,0.03549039182291873,0.0
0.07943211352813392,0.0,0.0,0.0,0.020636822732581328,0.0,0.12222621595053018,0.0,0.09640047399059354
0.16303715712159506,0.006654297408476456,0.0,0.0,0.15591554429266566,0.0,0.07043967929772939,0.0,0.09171121653065561
0.5423942864462187,0.11852510271928227,0.1534803133389823,0.2589248362623159,0.4921676035330849,0.0,0.0,0.0,0.12672425857018996
1.237648960066439,0.09743662912793968,0.22907893330490198,0.05333834811474114,0.0,0.07624907049486726,0.0,0.0,0.12744718171264818
0.0,0.013602297079907408,0.007672721480576614,0.6016815865186387,0.0,0.0,0.2525367779815908,0.012321409699772391,0.0
0.39255779371384303,0.1646687505854078,0.13941834508347398,0.873862297563939,0.0,0.22537286487501204,0.43902305314189277,0.4659223087751749,0.21357353320654857
0.0,0.12902265087845577,0.0,0.12333317004278573,0.14220739917228542,0.21837561671264377,0.0,0.3685152859995998,0.0020136321831171512
0.0,0.031054464874856233,0.0,0.34231872842407113,0.0,0.0,0.39622653938624586,0.47399343720468984,0.030608363489730655
0.0,0.0,0.0,0.0,0.0,0.0,1.0617028585583985,0.32464830691560786,0.32380172699923276
0.0,0.0,0.0,0.0,0.0,0.0,0.0,0.0,0.10607642751995582
0.0,0.0,0.0,0.0,0.0684013798585631,0.0,0.0,0.0,0.1573797289186477
0.0,0.0,0.0,0.3059612935853157,0.0,0.0,0.0,0.0,0.31023965552115884
0.0,0.0,0.0,0.33798633758925123,0.0,0.0,0.0,0.0,0.12768473317869436
0.0,0.0,0.0,0.44897960131613096,0.0,0.0,0.0,0.0,0.21194038008692234
0.0,0.09165175332201266,0.0,0.47973963409840104,0.0,0.07886541118335362,0.3840038448030315,0.5923287411692516,0.16128695124668352
0.0,0.005489652741175122,0.0,0.0,0.43654412317354546,0.14507890650486494,0.0,0.0,0.00813649189181223
0.0,0.0,0.0,0.0,0.0,0.0,0.0,0.0,0.15101149056323018
0.0,0.0,0.0,0.5961710511506114,0.0,0.0,0.4682161035763137,0.0,0.010575377015124142
0.0,0.0,0.0,0.7228571261595718,0.0,0.03003379137848565,0.7783218242625687,0.0,0.0
0.2946454261492615,0.21793950444059743,0.16298850133255458,0.14068547519027755,0.24691628573295515,0.3436029015431782,0.0,0.33860591647431976,0.05345601045997636
0.0,0.07474217789410444,0.0,0.5690975591699811,0.0,0.0,0.5387267933908526,0.7033667037336537,0.18907662906113537
0.6282515673737267,0.11855345207406714,0.21182583446154996,0.0,0.14343686516728316,0.19745755739485765,0.12920833394318587,0.027215544841896363,0.0
0.1469365605357782,0.0,0.0,1.734555879251583,0.0,0.0,1.802776517396723,1.5440255983914422,0.146710983635082
0.5590239952818221,0.23044164632697273,0.20767285566255086,0.33222422023133624,0.3826785495931933,0.2914927715557686,0.0,0.19077032722628814,0.05156394784812621
0.6324806852569901,0.06223214187571529,0.11008929370273705,0.11191477635626715,0.0,0.0,0.13528824430779826,0.2192809769051389,0.1824466990399168
0.7059989464174942,0.09573143099305863,0.2599146761672632,0.0,0.2505194776346869,0.41691695722328653,0.0,0.12818569803729937,0.0
0.07509407050632032,0.0,0.0,0.0,0.0,0.0,0.12342547695121354,0.0,0.08687904873849163
0.698927030894094,0.11878794914012847,0.31628334968656957,0.0,0.24120142718126641,0.5519593517804301,0.05710504788353468,0.3014134241407522,0.0
0.0,0.0,0.0,0.003240458352161831,0.9947234620148035,0.4271656462994616,0.0,0.0,0.29245774828072096
0.0,0.0,0.0,0.0,0.0,0.0,0.0,0.0,0.16905313524571566
0.0,0.09278256110661068,0.0013782930953889646,0.47688338280497117,0.0,0.06355121191376648,0.49334914652825607,0.6643722736079989,0.14997352521441285
0.673788086184659,0.1309865560359405,0.20860534482426912,0.0,0.15545670271818998,0.0,0.0,0.6774299992757948,0.04703594615656044
0.13879637055244837,0.0,0.03713436541404361,0.0,0.0,0.0,0.0,0.0,0.0
0.0,0.015309438549951218,0.0,0.5293538707005289,0.0,0.0,0.40049086572442905,0.35883731261665003,0.08424898905643097
0.0,0.0,0.0,0.0,0.0,0.0,0.0,0.0,0.010914445128865202
0.0,0.0,0.0,0.0,0.025060345367667766,0.021477053718793215,0.0,0.0,0.15507042717835737
0.0,0.0,0.17418284122637015,0.0,0.0,0.0,0.8922512567777298,0.0,0.2517146950860773
0.0,0.0,0.04794310289019401,0.0,0.0,0.0,0.0,0.0,0.04802747780143451
0.0,0.0,0.0,0.0,0.0,0.0,0.0,0.0,0.1207548498432136
0.0,0.0,0.0,0.0,0.0,0.0,0.0,0.0,0.11972458687332874
0.0,0.026387519134753276,0.004582011597371132,0.0,0.05131704881663062,0.0,0.0,0.0,0.11621996852109226
0.0,0.0,0.0,0.0,0.04701664691081592,0.0,0.0,0.0,0.018961041174121715
0.0523859407034348,0.0,0.043754092963212726,0.0,0.20796214511731806,0.0,0.0,0.0,0.0
0.0,0.0,0.0,0.0,0.0,0.0,0.0,0.0,0.10682797969803866
0.12338008032359599,0.00636781991900826,0.0,0.0,0.0,0.0,0.15719951447992409,0.0,0.026738801872699322
0.0,0.0,0.0,0.0,0.0,0.0,0.4204371302944044,0.01804233066707994,0.059595984598580606
0.0,0.0,0.0,0.46043571502542086,0.0,0.0,0.3911091825833073,0.348064607563945,0.2287887603246529
0.0,0.0,0.0,0.0,0.0,0.0,0.3783197642493737,0.11344190448677739,0.11735967884925896
0.09502549500644664,0.0,0.0,0.03645129565628934,0.0,0.0,0.27747230017344715,0.16941317094378866,0.13001013134220524
0.45546851376627523,0.05181051039650837,0.0751482123171358,0.0,0.0,0.0,0.05080553828046471,0.1978192456713696,0.1321204518269577
0.2959797687039185,0.0,0.0,0.0,0.0,0.0,0.5302907781571914,0.23172283273495978,0.22544842023531028
0.15958282716968583,0.1609924115114432,0.031699116378272336,1.3885698717216304,0.34472108126047113,0.1724167302036299,0.1427224722738349,0.3060264755389764,0.0
0.2256592471975722,0.03472924245358607,0.038184093054094384,0.22109075671412304,0.0,0.0,0.1436895821340434,0.03500695456155708,0.0
0.22943914877857002,0.0,0.0,0.0,0.16053747620030695,0.0,0.0,0.0,0.0
0.22258637699041897,0.0,0.0,0.0,0.204559369016932,0.0,0.0,0.0,0.007418646360514276
0.38004743863713303,0.07650441695607355,0.10048601103664276,0.0,0.0,0.0,0.3469148710856202,0.104397235400514,0.043465127970743346
0.0,0.0,0.0,0.0,0.0,0.0,0.0,0.0,0.05824763793639965
0.0,0.1448120244380943,0.07467924997896634,1.513060113542586,1.1326193511877736,0.16241510440513474,0.0,0.0,0.13224053445465792
0.0,0.019684090899910925,0.0,0.3620374088823178,0.0,0.17893736325888548,0.4701982685858237,0.12802387519043965,0.0
0.14505568436906613,0.06981369309619494,0.10154100042479029,0.0,1.7066053439181446,0.05944000027731787,0.0,0.0,0.0
0.6366984955769628,0.10743565663254939,0.29049377434768137,0.0,0.13542136637307,0.532910528439876,0.060180517019030336,0.37275881092708385,0.0
0.5284726844176805,0.09124425292085211,0.22300369440014695,0.0,0.15077406667305882,0.47382098420471447,0.0,0.29003841786524237,0.0
0.5706305366784529,0.019075421160378393,0.21088065093984423,0.0,0.26222081569610467,0.0,0.0,0.0,0.015926455194639033
0.0,0.0,0.0,0.07375416822613644,0.0,0.0,0.0,0.0,0.08865235450173384
0.9528230062752981,0.17046231136753337,0.3336992820042094,1.26749903070817,0.4260058440758483,0.125795007579188,0.12262018099382158,0.0,0.17940056082630754
0.0,0.24741218634299794,0.3742690668024558,2.098589161419789,0.0,0.0,1.1408168364006184,0.4625114447851048,0.0
0.6066491959690188,0.07746045419560899,0.18961230706267765,0.14071395711218837,0.3790085271996954,0.2063282988944949,0.0,0.0,0.0
0.0,0.0,0.0,0.0,0.0,0.0,0.10568110452266184,0.13650506102932247,0.0
0.0,0.0,0.0,0.33983780608685654,0.0,0.9304629470662584,0.9910054334880855,0.28644387534459376,0.0
0.0,0.016284932722201047,0.0,0.0,0.6145565699078909,0.21221164843075524,0.0,0.0,0.05299711704931004
0.0,0.054160668174453,0.0,0.0,0.5034825824799487,0.2836937239368335,0.0,0.0,0.0
0.32506473239509814,0.17273448136059263,0.04545253566401602,1.1268782751052229,0.46936745287051157,0.08386627980917766,0.0,0.05520787149587258,0.02187216316810446
0.9384057040216451,0.15569534779269273,0.30064537425610305,0.08165336493012738,1.023198342848244,0.5651933826796696,0.0,0.0,0.0
0.0,0.0,0.0,0.0,0.0,0.0,0.3624377011320246,0.0,0.01890286074205203
0.0,0.0,0.0,0.0,0.0,0.03918877130665188,0.0,0.0,0.1979527489155497
0.0,0.0,0.0,0.0,0.0,0.0,0.0,0.0,0.053639344242036806
0.0,0.0,0.0,0.0,0.0,0.21082410644699168,0.33927053963398035,0.0,0.0
0.0,0.0,0.0,0.0,0.0,0.0,0.0,0.0,0.07319315107563253
0.6476543200969824,0.24778526344475799,0.2518514537382135,0.4200077541244535,0.361027946664054,0.20944831540147055,0.0,0.17937310616875662,0.07078797842608454
0.0,0.06490093687853653,0.06519633611754996,0.7256081902413879,0.602809506198908,0.22859612362160153,0.0,0.0,0.0
0.6025672690971151,0.11125509585033107,0.23312612707026678,0.0,0.5414775587460501,0.35366876741167863,0.0,0.0,0.0
0.7445579090048551,0.13216441431074086,0.3263978699055794,0.0,0.7762826809764924,0.49275751774269627,0.0,0.0,0.0
0.611749215464683,0.12316468650394055,0.22509295806947924,0.0,0.5066253111322623,0.2932238565921099,0.0,0.0,0.0
0.0,0.041214871129634664,0.4205317449076782,0.33060465506076975,2.2637690495126397,0.6105811840271584,0.0,0.0,0.0
0.6762954865433012,0.1404380703691929,0.2459095156314526,0.0,0.5448594425779216,0.29026883513538193,0.0,0.0,0.0
0.7531126941069948,0.15461128536537389,0.28310222911673555,0.0,0.6845227638839867,0.3401661186885179,0.0,0.0,0.0
0.7540103771106511,0.15978593141084457,0.27710367821426857,0.0,0.7506127870665107,0.3395887082281397,0.0,0.0,0.0
0.6558259673490313,0.14736123166505705,0.3399492895554503,0.0,1.2288184662642627,0.5933154320846774,0.0,0.0,0.0
0.5643153124056423,0.09543170279926483,0.19531902406759732,0.0,0.46698136800526624,0.32528227934202064,0.0,0.0,0.0
0.6254583663732601,0.14529986278930096,0.2589541839586299,0.07232396902548015,0.8096431772718792,0.29429792304348357,0.0,0.0,0.0
0.6492418083210951,0.11178328952873799,0.2178764387392053,0.0,0.36725135156880084,0.28095630818368794,0.0,0.0,0.0
0.36768285705655707,0.03694715929875821,0.03321635813009726,0.0,0.2482303645126968,0.0,0.1387242249689338,0.0,0.10436034716544199
0.13211606082600216,0.0,0.0,0.0,0.04274486813199288,0.0,0.09330187702342663,0.0,0.07832028559861097
0.0,0.07722436593483034,0.006627852651750303,0.8904958387634714,0.0,0.0,0.25273030985663714,0.14219009088040002,0.0
0.175274713552096,0.0,0.0,0.0,0.0,0.0,0.5033278228185452,0.0,0.1617823002051078
1.7899261966503082,0.3475446240964184,0.7891438275182784,0.0,2.209465642792084,1.1299909775891703,0.0,0.0,0.0
0.8355143756464585,0.12783615461447934,0.35061298766792753,0.0,0.24094911029518834,0.6401143119387328,0.0,0.43358741559555336,0.0
0.528442294514404,0.08214284196117642,0.14890139333993244,0.13046202738973706,0.6314485314162067,0.7345741715431734,0.0,0.19608226110068663,0.0
0.3408696956383425,0.06638428092974641,0.15646539089295863,0.0,0.14679866498551086,0.34300397143171135,0.044553847610628985,0.1525895325929718,0.0
0.0,0.0,0.0,0.0,0.0,0.0559034701178875,0.6468186914310964,0.0,0.0
0.43780803404796315,0.08318702546096307,0.19757867616983035,0.0,0.29651244657167314,0.3799861724833622,0.0,0.09385896165515314,0.0
0.0,0.0,0.0,0.40520624893920393,0.0,0.0,0.40807913689716624,0.03256677370443482,0.0
0.3814029041896566,0.014905668090317264,0.19111793591245047,0.0,0.6084404557836598,0.27398965950054677,0.0,0.0,0.0
1.2522990100688156,0.24414983522407,0.37142019099034596,0.0,0.7160357742816928,0.25222216466241393,0.0,0.0,0.0
0.0038691268745026583,0.0,0.0,0.561297867052709,0.5335010018433244,0.06857907025721621,0.0,0.0,0.14335938939644563
0.0,0.0,0.0,0.0,0.0,0.0,0.09209199240427442,0.014374223996147994,0.0
0.9163643277280076,0.5087843411624016,0.00542409964783537,4.764517825182713,3.622109731941943,0.8602606937631033,0.0,0.0,0.14701391713385417
0.49807577586526086,0.14741718317234281,0.16071185337530608,0.7755395321721509,0.018038175611531277,0.11023866557420556,0.2449410474399937,0.1334935681922306,0.0
0.0,0.0,0.0,0.0,0.0,0.02055355584338446,0.2407699353937097,0.0,0.0
0.0,0.0,0.0,0.0,0.0,0.0,0.37107302081565624,0.0,0.0
0.0,0.0,0.0,0.0,0.0,0.48391815809423466,0.4169907052422377,0.22749947764995687,0.0
0.0,0.0,0.0,0.0,0.05355166692708496,0.38173613008167673,0.0,0.7386930453260401,0.0
0.41954571372118865,0.0,0.0,0.9825117366919907,0.9293494398730524,0.07697478520696024,0.0,0.0,0.20473158288108703
0.0,0.0,0.0,0.0,0.0,0.0477557266654427,0.194271266479102,0.0,0.004428046684386521
0.39795216397438754,0.21053897149038947,0.11505164893039352,1.3556634205822606,0.4166940365891092,0.18814249235689334,0.0769514340757095,0.22255818979508174,0.0
1.0550150805737015,0.0,0.14434582536391508,0.0,1.2605485759400599,0.0,0.0,0.0,0.0
0.0,0.0,0.0,0.0,0.0,0.0,0.15549320173281725,0.3887938896770587,0.0
0.5754046704159492,0.0001534559672293563,0.12094548221209368,0.18114205356584537,0.0,0.0,0.11327541743312554,0.2714860919263701,0.14567648930789562
0.04573080358993865,0.0,0.026783375615742847,0.0,0.0,0.0,0.0,0.0,0.05993769337999136
0.07772964345003575,0.0,0.053191381410757174,0.0,0.08466458648982882,0.0,0.0,0.0,0.01393588216888645
0.2651579616417011,0.0,0.10698091156067718,0.0,0.0,0.0,0.2344087406201623,0.0,0.08464028253325073
0.0,0.0,0.0,0.0,0.0,0.0,0.0,0.0,0.07544914435549316
0.0,0.0,0.0,0.0,0.0,0.04326996791933777,0.0,0.0,0.11613832715281061
0.286388150781362,0.11155681250825113,0.11177789404620347,0.8732439532731145,0.0,0.07276986084858333,0.2567467013425422,0.35254049510545754,0.0
0.24946191115291844,0.06679280597643897,0.10370677665598768,0.4923187207030932,0.0,0.0,0.15649589248990117,0.3290491082870519,0.0
0.42888545628994657,0.0,0.0,0.0,2.002529145228995,0.32961180555273345,0.0,0.0,0.010368264469870325
0.27977576022134465,0.0,0.2014171034364911,0.0,0.0,0.0,0.0,0.0,0.06464119879791265
0.0,0.0,0.0,0.0,0.0,0.0,0.0,0.0,0.07220702681259414
0.0,0.0,0.0,0.0,0.0,0.0,0.0,0.0,0.04656953553606514
0.0,0.0,0.0,0.0,0.0,0.0,0.0,0.0,0.06024111482174203
0.0,0.0,0.0,0.0,0.0,0.0,0.0,0.0,0.06702777273090844
0.25793474211669215,0.011266363917970264,0.00017503392291906046,0.0,0.07645794068983307,0.0,0.14384429296835868,0.0,0.07273427063532165
0.15467783192166573,0.0,0.0,0.0,0.0,0.0,0.17709626525870797,0.0,0.09671942816416614
0.6044913028700171,0.04463144017967484,0.04809856739838142,0.0,1.0954217918333014,0.0,0.04693794337947783,0.0,0.30696341899852964
0.044207765070133895,0.029756917323210078,0.010386979507414356,0.5751747243342005,0.0,0.0,0.3283584815259866,0.2929323465582441,0.03636151889583555
0.0,0.0,0.0,0.0,0.0,0.0,0.44036050546590755,0.0,0.0
0.0,0.0,0.0,0.0,0.0,0.0,0.21024374283867966,0.07723180305667002,0.0
0.0,0.0,0.0,0.0,0.0,0.0,0.0,0.0,0.08852921009201761
0.0,0.0,0.0,0.0,0.0,0.0,0.13784851308086338,0.0,0.0
0.0,0.13458335696974824,0.1549159872889047,1.1031821948173361,0.2691333449348262,0.0,0.0,0.0,0.0
0.959292285691518,0.4563086097294005,0.3109622539650547,3.146724435212449,0.0,0.5786526467672168,0.9870837986388394,1.0152593539845949,0.0
0.0,0.0,0.0,0.0,0.518756580456066,0.0,0.0,0.0,0.05995669814008976
0.0,0.0,0.0,0.0,0.1438629152975256,0.19183906868805473,0.0,0.0,0.06467460930207024
0.0,0.0,0.027488479601521232,0.0,0.0,0.0,0.0,0.0,0.04291827754300837
0.0,0.0,0.0,0.0,0.0,0.0,0.0,0.0,0.12155096866736058
0.0,0.057647270038471865,0.0,0.5571592416478232,0.0,0.0,0.3442943149319466,0.4611841888712213,0.17089496186320946
0.4430957267375858,0.05418828034876813,0.056427559608486486,3.4044571563068273,0.0,0.36648843861773095,3.3899628760591214,2.712506182127461,0.3406378726642285
0.4630882499022498,0.2683619591344771,0.23161253354936412,0.2006905277176469,0.48988677012286064,0.1872415291964977,0.0,0.21990610844115482,0.09936372885253208
0.0,0.03090296747988162,0.018479785043270712,0.085380129992831,0.0,0.01261149577573003,0.13414488970197824,0.15739220556737932,0.013151990752987496
0.0,0.0,0.0,0.0,0.26175688001076536,0.0,0.0,0.0,0.14718502017179788
0.5706396466663789,0.09905614387432318,0.20225010460873835,0.020358739589344747,0.5735190908151108,0.32663903756514784,0.0,0.0,0.0
2.6303498410472503,0.49584706575115667,0.5031219416731904,6.036975242797098,0.0,1.9787071192058863,6.503632879158842,5.068950485302244,0.6626456125065255
0.8523764082574679,0.18641227692314516,0.2857432077025421,0.7506213255300257,1.0901264871853886,0.3268050976481006,0.0,0.0,0.03452391423481582
0.6055986571928914,0.1677055989592839,0.31298550386731305,0.14482115318733702,1.1717889905265935,0.5036929029200015,0.0,0.0,0.0
0.5988739063983124,0.23768261155357734,0.21193503763888935,1.005010589219743,0.0,0.08211646711422269,0.39591747305708996,0.16969934849137508,0.05302179197972821
0.0,0.0,0.0,0.0,0.0,0.0,0.0,0.0,0.17984417480549694
0.0,0.0,0.0,0.0,0.0,0.0,0.05127686935552607,0.015438611447931556,0.0003183062913643068
0.0,0.0,0.0,0.0,0.0,0.0,0.13362550730202122,0.19960035817305286,0.0
0.0,0.0,0.0,0.0,0.0,0.0,0.08048492685946677,0.021146339199651726,0.0
0.0,0.0,0.0,0.0,0.0,0.0,0.126992492368214,0.08268671908876014,0.0
0.0,0.0,0.0,0.0,0.0,0.0,0.12185672020888343,0.023389047106040832,0.005623727971118183
0.10562827249327607,0.0,0.0,0.0,0.374234328309338,0.0,0.0,0.0,0.03845374736337398
